{"test-loss": -1.3697322347889775, "_timestamp": 1674513948.3801987, "_runtime": 32179.445920705795, "_step": 120, "train-loss": -1.3660138743979824, "_wandb": {"runtime": 40358}}